{"assets/images/image_error.png":["assets/images/image_error.png"],"assets/images/todochat.ico":["assets/images/todochat.ico"],"assets/images/todochat_logo.png":["assets/images/todochat_logo.png"],"packages/cupertino_icons/assets/CupertinoIcons.ttf":["packages/cupertino_icons/assets/CupertinoIcons.ttf"],"packages/sn_progress_dialog/images/cancel.png":["packages/sn_progress_dialog/images/cancel.png"],"packages/sn_progress_dialog/images/completed.png":["packages/sn_progress_dialog/images/completed.png"]}